,keywords,xyear,_material,_height,_width,year,_description,id
0,"sketch,drawing",1890,typewritten,850,1340,1970-A,Contours of a Figure,0
1,"Paris,painting,study,Still Life",1886,handwritten,2700,3500,1970-B,Male Torso,1
2,"Paris,painting,study,Still Life",1887,handwritten,2710,4080,1971-A,Plaster Cast of a Woman&#39;s Torso,2
3,"Nuenen,sketch,drawing",1884,other,750,1240,1971-B,Head of a Man,3
4,"Nuenen,sketch,drawing",1884,other,750,1240,1972-A,Head of a Woman and an indistinct image,4
5,"Arles,painting,Cityscape",1888,handwritten,9150,7200,1972-B,The Yellow House (The Street),5
6,"Auvers-sur-Oise,drawing,Animals",1890,other,4370,2690,1973-A,Horse and Carriage,6
7,"Saint-Rémy-de-Provence,painting,Figures,Peasant Life",1889,handwritten,2800,4200,1973-B,Thresher (after Millet),7
8,"Saint-Rémy-de-Provence,drawing,Figures,Animals,Peasant Life",1889,typewritten,2470,3300,1970-A,Study of Horses and Peasants,8
9,"Saint-Rémy-de-Provence,drawing,landscape",1890,other,3290,2490,1970-B,The Walled Wheatfield,9
10,"Saint-Rémy-de-Provence,drawing,Figures,Peasant Life",1890,typewritten,2730,2390,1971-A,Man Working in a Field,10
11,"Paris,drawing,Cityscape",1887,other,2410,3160,1971-B,Shed with Sunflowers,11
12,"The Hague,print,Figures",1882,handwritten-diagram,2700,4280,1972-A,Old Man Drinking Coffee,12
13,"Nuenen,sketch,drawing",1884,typewritten,750,1240,1972-B,Head of a Woman,13
14,"sketch,drawing",1890,typewritten,850,1340,1973-A,Contours of a figure,14
15,"The Hague,drawing,Animals",1883,other,6350,5100,1973-B,Old Nag,15
16,"The Hague,print,Figures",1882,handwritten-diagram,3150,4800,1970-A,A Workman&#39;s Meal Break,16
17,"Saint-Rémy-de-Provence,painting,landscape,Nature",1889,handwritten,6430,4900,1970-B,Undergrowth,17
18,"Auvers-sur-Oise,drawing,Townscape,landscape",1890,other,5440,4400,1971-A,Landscape with Houses,18
19,"Antwerp,drawing,interior",1885,typewritten,1630,920,1971-B,Couple Dancing,19
20,"The Hague,drawing,Figures,Heads",1882,other,2800,5010,1972-A,Head of a Woman,20
21,"Paris,painting,Self-Portrait",1887,handwritten,3130,4320,1972-B,Self-Portrait,21
22,"Arles,painting,Still Life",1889,handwritten,7300,9500,1973-A,Sunflowers,22
23,"Etten,drawing,Figures",1881,other,2420,3080,1973-B,Study of a Hand,23
24,"sketch,drawing",1890,other,850,1340,1970-A,Standing Girl,24
25,"1871 - 1880,The Hague,drawing,Cityscape",1872,other,1690,2220,1970-B,"Lange Vijverberg, The Hague",25
26,"Nuenen,drawing,Still Life",1885,typewritten,2100,3450,1971-A,"Clock, Clog with Cutlery and a Spoon Rack",26
27,Paris,1886,typewritten,1980,1090,1971-B,Note,27
28,"1871 - 1880,Brussels,drawing,study,Portrait",1880,other,3050,4260,1972-A,The Daughter of Jacob Meyer (after Bargue after Holbein),28
29,"Arles,painting,Cityscape,landscape",1888,handwritten,7360,5960,1972-B,The Langlois Bridge,29
30,"Auvers-sur-Oise,drawing,Townscape",1890,typewritten,2370,3100,1973-A,Village Street,30
31,"sketch,drawing",1890,typewritten,850,1340,1973-B,Woman on a Velocipede,31
32,"Paris,painting,Self-Portrait",1886,handwritten,3800,4600,1970-A,Self-Portrait with Pipe,32
33,"Paris,drawing,Animals",1887,other,2620,3530,1970-B,Barn Owl Viewed from the Front,33
34,"sketch,drawing",1890,typewritten,850,1340,1971-A,Mother and Child,34
35,"Nuenen,sketch,drawing",1884,typewritten,750,1240,1971-B,Hand,35
36,"Nuenen,drawing,Figures",1885,typewritten,2080,3470,1972-A,Woman with a Mourning Shawl,36
37,"Paris,painting,Cityscape,landscape",1887,handwritten,6530,4940,1972-B,By the Seine,37
38,"Saint-Rémy-de-Provence,drawing,Animals",1889,typewritten,2100,1350,1973-A,Giant Peacock Moth and Beetle,38
39,"Arles,drawing,landscape",1888,other,3490,2580,1973-B,Farmhouse in a Wheatfield,39
40,"Paris,drawing,study,Figures,Still Life,nude",1886,typewritten,3520,4730,1970-A,Idol and Sketches of Venus,40
41,"The Hague,drawing,Figures",1882,other,2760,4910,1970-B,Woman with a Broom,41
42,"Nuenen,sketch,drawing",1884,other,750,1240,1971-A,Perspective frame,42
43,"Nuenen,painting,study,Figures,Heads,Peasant Life",1885,handwritten,3450,4220,1971-B,Head of a Woman,43
44,"Nuenen,drawing,Figures,Peasant Life",1885,typewritten,3210,2250,1972-A,Peasant Lifting Potatoes,44
45,"Paris,drawing,Figures",1886,other,800,1110,1972-B,Sheet of Sketches,45
46,Nuenen,1884,other,750,1240,1973-A,Notes,46
47,"Saint-Rémy-de-Provence,painting,landscape,Peasant Life",1890,handwritten,9200,7210,1973-B,Snow-Covered Field with a Harrow (after Millet),47
48,"Auvers-sur-Oise,print,Portrait",1890,handwritten-diagram,1480,1450,1970-A,Portrait of Dr Gachet,48
49,"Paris,drawing,Figures",1887,other,2630,3940,1970-B,Tracing of the Cover of Paris Illustr&#233;. Le Japon,49
50,"Nuenen,drawing,landscape,Nature",1884,other,2340,2000,1971-A,The Vicarage Garden,50
51,"Nieuw Amsterdam,painting,Figures,landscape,Peasant Life",1883,handwritten,3650,2780,1971-B,Women on the Peat Moor,51
52,"Nuenen,drawing,Figures,landscape,Peasant Life",1883,typewritten,2550,1560,1972-A,Figures in a Winter Landscape,52
53,"Saint-Rémy-de-Provence,drawing,Figures,interior,Peasant Life",1890,other,4980,3330,1972-B,Interior with Ten Figures,53
54,"Saint-Rémy-de-Provence,drawing,Figures",1890,other,710,2300,1973-A,Sketch of a Woman Seated at a Table and a Woman Standing,54
55,"Saint-Rémy-de-Provence,painting,landscape,Nature",1890,handwritten,2720,4350,1973-B,Cypresses and Two Women,55
56,"Saint-Rémy-de-Provence,painting,Biblical Scene",1889,handwritten,6050,7300,1970-A,Piet&#224; (after Delacroix),56
57,"Nuenen,drawing,landscape,Townscape",1883,typewritten,1030,1050,1970-B,Landscape with a Church,57
58,"Nuenen,painting,Townscape",1885,handwritten,4300,3320,1971-A,The Vicarage at Nuenen,58
59,"Nuenen,painting,Still Life,Peasant Life",1885,handwritten,4430,3400,1971-B,Bobbin Winder,59
60,"Paris,drawing,Figures,nude",1887,other,3110,2440,1972-A,Sorrowing Woman,60
61,"sketch,drawing",1890,other,850,1340,1972-B,Mount,61
62,"Nuenen,drawing,Figures,Peasant Life",1884,other,4530,3420,1973-A,Weaver,62
63,"Paris,drawing,study,Figures,Still Life,nude",1886,typewritten,3150,4760,1973-B,Torso of Venus,63
64,"Paris,painting,Self-Portrait",1887,handwritten,3010,4190,1970-A,Self-Portrait with Pipe and Straw Hat,64
65,"Antwerp,drawing,Figures",1886,typewritten,3920,5090,1970-B,Seated Man with a Beard,65
66,"Paris,drawing,Figures,nude",1886,typewritten,4820,6170,1971-A,Seated Male Nude Seen from the Back,66
67,"The Hague,drawing,landscape",1882,,3440,2460,1971-B,Country Road,67
68,"Antwerp,painting,study,Portrait,Figures,Heads",1885,handwritten,3850,4630,1972-A,Portrait of a Prostitute,68
69,"Nuenen,drawing,study,Figures",1884,typewritten,3440,2080,1972-B,Arm,69
70,"Saint-Rémy-de-Provence,drawing,Nature",1889,other,2060,2980,1973-A,Almond Tree and Wall in the Garden of the Asylum,70
71,"Saint-Rémy-de-Provence,drawing,Figures,landscape",1890,typewritten,2380,3150,1973-B,Winter Landscape with Working Figures,71
72,"Saint-Rémy-de-Provence,painting,landscape,Nature",1889,handwritten,4020,3340,1970-A,Olive Trees on a Hillside,72
73,"Auvers-sur-Oise,drawing,landscape,Nature",1890,other,3070,2360,1970-B,Landscape with the River Oise,73
74,"Saint-Rémy-de-Provence,drawing,landscape,Nature",1890,other,3270,2540,1971-A,The Walled Wheatfield,74
75,"Paris,sketch,drawing",1886,other,1980,1090,1971-B,Figures in an Interior,75
76,"Auvers-sur-Oise,drawing,Still Life,Heads",1890,typewritten,2380,3140,1972-A,Egyptian Head,76
77,"Paris,painting,study,Still Life",1887,handwritten,3270,4100,1972-B,Plaster Cast of a Woman&#39;s Torso,77
78,"Nuenen,painting,Figures,Peasant Life",1885,handwritten,4450,3360,1973-A,Study for &#39;The Potato Eaters&#39;,78
79,"Saint-Rémy-de-Provence,drawing,Figures,landscape",1890,other,2530,2440,1973-B,"Couple with Child, Walking in the Rain",79
80,"Saint-Rémy-de-Provence,painting,Figures,Peasant Life",1889,handwritten,3320,4320,1970-A,Peasant Woman Binding Sheaves (after Millet),80
81,"Nuenen,sketch,drawing",1884,other,750,1240,1970-B,Church,81
82,"Nuenen,drawing,Figures,Peasant Life",1885,other,2110,3460,1971-A,Seated Woman,82
83,"1871 - 1880,Brussels,drawing,Figures,Still Life,Peasant Life",1880,other,2640,4830,1971-B,French Peasant Woman Suckling Her Baby (after Dalou),83
84,"Arles,painting,Cityscape",1888,handwritten,3310,3970,1972-A,View of a Butcher&#39;s Shop,84
85,"Nuenen,drawing,Figures,Peasant Life",1885,typewritten,3470,2110,1972-B,Sale of Building Scrap,85
86,"Paris,painting,landscape,Cityscape",1887,handwritten,4200,3300,1973-A,Square Saint-Pierre at Sunset,86
87,"Arles,painting,Seascape",1888,handwritten,8150,6500,1973-B,Fishing Boats on the Beach at Les Saintes-Maries-de-la-Mer,87
88,"Nuenen,sketch,drawing",1884,other,750,1240,1970-A,Figure,88
89,"Paris,drawing,interior,Cityscape",1887,other,3980,5400,1970-B,Window in the Bataille Restaurant,89
90,"Nuenen,sketch,drawing",1884,other,750,1240,1971-A,Peasant Woman Working in the Fields,90
91,"Antwerp,drawing,Cityscape",1885,typewritten,1660,920,1971-B,View of Het Steen,91
92,"sketch,drawing",1886,typewritten,1360,1020,1972-A,Foot,92
93,,1885,other,810,1020,1972-B,Note,93
94,"sketch,drawing",1890,other,850,1340,1973-A,Standing Male Figure (after Bargue),94
95,"Arles,painting,Seascape",1888,handwritten,6430,5050,1973-B,Seascape near Les Saintes-Maries-de-la-Mer,95
96,"Nuenen,drawing,Figures,Heads,Peasant Life",1884,other,1070,1120,1970-A,Head of a Woman,96
97,"Nuenen,sketch,drawing",1884,other,750,1240,1970-B,Two Heads,97
98,"Paris,drawing,Figures,nude",1886,other,3160,4760,1971-A,Seated Female Nude,98
99,"Paris,painting,Still Life",1887,handwritten,6040,4570,1971-B,Apples,99
100,"Saint-Rémy-de-Provence,drawing,landscape,Nature",1889,typewritten,6380,2380,1972-A,Chestnut Leaf with Pod and Landscape with Cypresses,100
101,"Nuenen,drawing,landscape,Peasant Life",1885,typewritten,3430,2500,1972-B,Wheatfield with a Stook and a Mill,101
102,"Nuenen,drawing,interior,Figures,Peasant Life",1885,typewritten,3710,3040,1973-A,Woman Preparing a Meal,102
103,"Etten,drawing,Figures,Peasant Life",1881,typewritten,4680,6220,1973-B,Digger,103
104,"Nuenen,drawing,Figures,Peasant Life",1885,other,2110,3450,1970-A,Seated Woman,104
105,"Nuenen,drawing,Figures,Peasant Life",1884,other,4520,3250,1970-B,Weaver,105
106,"Paris,painting,Self-Portrait",1886,handwritten,3850,4650,1971-A,Self-Portrait as a Painter,106
107,"Paris,drawing,study,Figures,Still Life,nude",1886,typewritten,3130,4370,1971-B,Torso of Venus,107
108,"Arles,painting,landscape,Nature",1888,handwritten,3500,2400,1972-A,Field with Poppies,108
109,"Saint-Rémy-de-Provence,drawing,Nature",1889,other,1750,2990,1972-B,Trees and Wall in the Garden of the Asylum,109
110,,1885,other,1360,1020,1973-A,Note,110
111,"Nuenen,drawing,Figures,Heads,Peasant Life",1884,pen and brush and ink,790,1240,1973-B,Head of a Woman,111
112,"Auvers-sur-Oise,painting,landscape,Nature",1890,handwritten,10130,5040,1970-A,Wheatfield under Thunderclouds,112
113,"Saint-Rémy-de-Provence,drawing,Figures,landscape",1890,other,3190,2390,1970-B,Winter Landscape with Figures,113
114,"sketch,drawing",1886,other,1360,1020,1971-A,Plaster Cast of a Woman&#39;s Torso,114
115,"Paris,drawing,Cityscape,landscape",1887,other,5380,3980,1971-B,Gardens on Montmartre and the Blute-Fin Windmill,115
116,"Nieuw Amsterdam,painting,landscape,Peasant Life",1883,handwritten,5570,3540,1972-A,Cottages,116
117,"Paris,sketch,drawing",1886,other,1980,1090,1972-B,Moulin de Blute-Fin,117
118,"Arles,drawing,landscape",1888,other,3470,2580,1973-A,Landscape with Path and Pollard Willows,118
119,"Auvers-sur-Oise,painting,Nature",1890,handwritten,4800,6400,1973-B,Ears of Wheat,119
120,"Nuenen,sketch,drawing",1885,typewritten,750,1240,1970-A,Two Women,120
121,"sketch,drawing",1890,other,850,1340,1970-B,Irises,121
122,"Saint-Rémy-de-Provence,drawing,interior",1889,typewritten,4710,6160,1971-A,Vestibule in the Asylum,122
123,"Nuenen,drawing,Figures",1884,typewritten,3420,2130,1971-B,Lap with Hands,123
124,"Nuenen,drawing,Figures,Peasant Life",1884,other,4000,3050,1972-A,Weaver,124
125,"Nuenen,drawing,Figures",1884,typewritten,3460,2110,1972-B,"Three Hands, Two with Knives",125
126,"Paris,painting,Still Life",1887,handwritten,0,5020,1973-A,Red Cabbages and Onions,126
127,"Etten,drawing,landscape,Peasant Life",1881,other,2900,2260,1973-B,Winter Landscape with Hut and Figure,127
128,"The Hague,drawing,Figures",1882,other,2860,4940,1970-A,Old Man Drinking Coffee,128
129,"Nuenen,painting,study,Figures,Heads,Peasant Life",1885,handwritten,3000,4380,1970-B,Head of a Woman,129
130,"Paris,drawing,study,Figures,Still Life,nude",1887,typewritten,2460,3170,1971-A,Torso of Venus,130
131,"Saint-Rémy-de-Provence,drawing,Figures,interior,Peasant Life",1890,other,3200,2440,1971-B,Interior with Two Figures Eating,131
132,"Paris,painting,Self-Portrait",1887,handwritten,3280,4090,1972-A,Self-Portrait with Straw Hat,132
133,"sketch,drawing",1890,typewritten,850,1340,1972-B,Peasants wth Two Horses and Plough,133
134,"Auvers-sur-Oise,print,Portrait",1890,handwritten-diagram,1500,1800,1973-A,Portrait of Dr Gachet,134
135,Antwerp,1886,other,940,1020,1973-B,Note,135
136,"Nuenen,sketch,drawing",1884,typewritten,750,1240,1970-A,Woman,136
137,"The Hague,print,Figures,nude",1882,handwritten-diagram,2920,3920,1970-B,Sorrow,137
138,"Paris,sketch,drawing",1886,other,1980,1090,1971-A,Torso of Venus,138
139,"Nuenen,sketch,drawing",1884,other,750,1240,1971-B,Two Heads of Men,139
140,"Paris,drawing,Self-Portrait",1887,other,2110,1920,1972-A,Self-Portrait,140
141,"Antwerp,drawing,Cityscape",1885,typewritten,3010,2260,1972-B,The Grote Markt,141
142,"Nuenen,sketch,drawing",1884,other,750,1240,1973-A,Head of a Woman,142
143,"Saint-Rémy-de-Provence,drawing,Nature",1889,other,4710,6230,1973-B,Trees with Ivy in the Garden of the Asylum,143
144,"Nuenen,drawing,Figures,Animals,Still Life",1885,typewritten,3440,2120,1970-A,"Hand with a Bowl, and a Cat",144
145,"The Hague,drawing,Figures",1882,other,3600,6000,1970-B,Old Man with a Top Hat,145
146,"Auvers-sur-Oise,print,Portrait",1890,handwritten-diagram,1500,1800,1971-A,Portrait of Dr Gachet,146
147,"sketch,drawing",1890,other,850,1340,1971-B,Woman with a Donkey,147
148,Paris,1886,typewritten,1400,1090,1972-A,Note,148
149,"Saint-Rémy-de-Provence,drawing,interior",1890,other,2510,3250,1972-B,Chair by a Fireplace,149
150,"Nuenen,sketch,drawing",1884,other,750,1240,1973-A,Landscape with Two Horses and Carts,150
151,"Paris,painting,Self-Portrait",1886,handwritten,1900,2720,1973-B,Self-Portrait,151
152,"The Hague,painting",1882,handwritten,5190,3640,1970-A,View of the Sea at Scheveningen,152
153,"Arles,drawing,Nature",1888,other,3200,2440,1970-B,Thistles by the Roadside,153
154,"Paris,drawing,study,Figures,Still Life,nude",1887,typewritten,2460,3170,1971-A,Torso of Venus,154
155,"sketch,drawing",1885,typewritten,1360,1020,1971-B,Head of a Woman,155
156,"sketch,drawing",1890,other,850,1340,1972-A,Standing Male Figure (after Bargue),156
157,"Paris,drawing,Cityscape,Figures",1886,typewritten,1680,1010,1972-B,People Walking on a Street in the Evening,157
158,"Saint-Rémy-de-Provence,painting,landscape,Nature",1889,handwritten,0,7200,1973-A,Garden of the Asylum,158
159,"Paris,drawing,study,Figures,Still Life,nude",1886,typewritten,3180,4890,1973-B,Torso of Venus,159
160,"Paris,sketch,drawing",1886,other,1980,1090,1970-A,L&#39;Ecorch&#233;,160
161,"sketch,drawing",1890,other,850,1340,1970-B,Men in a Caf&#233;,161
162,"Arles,painting,Portrait",1888,handwritten,2460,3520,1971-A,Portrait of Marcelle Roulin,162
163,"Nuenen,sketch,drawing",1884,other,750,1240,1971-B,Woman,163
164,"Nuenen,sketch,drawing",1885,other,750,1240,1972-A,Woman,164
165,"The Hague,drawing,Figures,Heads",1883,other,2940,4720,1972-B,Head of a Fisherman with a Fringe of Beard and a Sou&#39;wester,165
166,Paris,1886,,1980,1090,1973-A,Inside endpaper with smudge,166
167,"Saint-Rémy-de-Provence,drawing,Figures",1890,typewritten,3210,2360,1973-B,Studies of a Hand,167
168,Paris,1886,typewritten,1980,1090,1970-A,Notes,168
169,"Nuenen,drawing,Figures",1884,typewritten,3450,2070,1970-B,Lap with Hands and a Bowl,169
170,"Nuenen,sketch,drawing",1884,typewritten,750,1240,1971-A,Indistinct image,170
171,"sketch,drawing",1890,typewritten,850,1340,1971-B,Town Hall,171
172,"sketch,drawing",1890,other,850,1340,1972-A,Standing Male Figure (after Bargue),172
173,"Nuenen,drawing,Figures,Peasant Life",1884,typewritten,4480,3490,1972-B,Lumber Sale,173
174,"Paris,drawing,Figures,nude",1887,other,1360,2140,1973-A,Nude Woman Squatting Over a Basin,174
175,"Saint-Rémy-de-Provence,painting,Figures,Peasant Life",1889,handwritten,2950,4360,1973-B,The Sheepshearer (after Millet),175
176,"sketch,drawing",1890,other,850,1340,1970-A,Two Horses (upper part),176
177,"Saint-Rémy-de-Provence,drawing,Figures,landscape",1890,typewritten,2810,2370,1970-B,Two Men on a Road,177
178,"The Hague,drawing,Figures",1882,other,3200,5740,1971-A,Old Woman with a Shawl and a Walking Stick,178
179,"Paris,drawing,Figures",1887,typewritten,3490,2570,1971-B,Clarinettist and Piccolo Player,179
180,"Antwerp,painting,study,Portrait,Figures,Heads",1885,handwritten,3980,5050,1972-A,Portrait of an Old Woman,180
181,"Paris,sketch,drawing",1886,typewritten,1980,1090,1972-B,Standing Female Nude,181
182,"The Hague,drawing,Figures,Peasant Life",1882,other,2120,3170,1973-A,Two Sowers,182
183,"The Hague,drawing,Figures",1882,other,2840,5040,1973-B,Digger,183
184,"Paris,painting,Still Life",1886,handwritten,2700,3450,1970-A,Small Bottle with Peonies and Blue Delphiniums,184
185,"Paris,drawing,Figures",1887,typewritten,2580,3490,1970-B,Violinist Seen from the Back,185
186,"Auvers-sur-Oise,drawing,Nature,landscape,Townscape",1890,typewritten,5440,4400,1971-A,Blossoming Chestnut Trees by a House,186
187,"Arles,drawing,landscape",1888,other,3490,2580,1971-B,Field with Houses,187
188,"sketch,drawing",1890,other,850,1340,1972-A,Woman,188
189,"Nuenen,drawing,Figures,Peasant Life",1885,typewritten,3460,2150,1972-B,Three Studies of a Woman with a Shawl,189
190,"Nuenen,sketch,drawing",1884,other,750,1240,1973-A,Sower,190
191,"Paris,painting,Figures,nude",1886,handwritten,2350,2710,1973-B,"Nude Girl, Seated",191
192,"Etten,drawing,Portrait",1881,other,2610,3450,1970-A,"Portrait of Vincent van Gogh, the Artist&#39;s Grandfather",192
193,"Nuenen,drawing,Portrait",1884,other,4470,2900,1970-B,Part of a Portrait of Anthon van Rappard,193
194,"Etten,drawing",1881,other,2250,2980,1971-A,Sower,194
195,"sketch,drawing",1886,typewritten,1360,1020,1971-B,Knee,195
196,"Arles,drawing,Cityscape",1888,other,4920,6070,1972-A,Garden of a Bathhouse,196
197,"Nuenen,drawing,landscape,Nature",1885,typewritten,2260,2970,1972-B,Landscape in Stormy Weather,197
198,"Antwerp,drawing,Figures,nude",1886,typewritten,3920,5040,1973-A,Standing Female Nude Seen from the Front,198
199,"Arles,painting,Portrait,Figures,Heads",1888,handwritten,4200,5800,1973-B,An Old Woman of Arles,199
200,"Nuenen,painting,study,Figures,Heads",1885,handwritten,3210,4250,1970-A,Head of a Man,200
201,"Auvers-sur-Oise,drawing,Townscape",1890,other,5560,4500,1970-B,Dead-End Street with Houses,201
202,"The Hague,drawing,Figures,Heads",1882,other,2470,3950,1971-A,Head of a Woman,202
203,Nuenen,1884,,750,1240,1971-B,Inside endpaper with press-through of &#39;Head of a Man&#39;,203
204,"Paris,sketch,drawing",1886,other,1980,1090,1972-A,Windmills at Montmartre,204
205,"Antwerp,painting,study,Portrait,Figures,Heads",1885,handwritten,3370,4440,1972-B,Portrait of an Old Man,205
206,"Paris,drawing,Cityscape",1887,other,5250,3870,1973-A,A Guinguette,206
207,"Nuenen,painting,Townscape,Peasant Life",1885,handwritten,8000,6500,1973-B,The Old Church Tower at Nuenen (&#39;The Peasants&#39; Churchyard&#39;),207
208,"Paris,drawing,Cityscape",1886,typewritten,3020,2270,1970-A,View of Paris with Notre-Dame and the Panth&#233;on,208
209,"Paris,painting,Nature,Animals",1887,handwritten,1910,2660,1970-B,Kingfisher by the Waterside,209
210,"Nuenen,sketch,drawing",1884,typewritten,750,1240,1971-A,Head of a Woman,210
211,"Paris,drawing,study,Cityscape,Figures,landscape",1887,other,4600,2910,1971-B,Apartment Blocks and Miscellaneous Studies,211
212,"Auvers-sur-Oise,drawing,landscape",1890,typewritten,6280,4750,1972-A,Field with Sheaves of Wheat,212
213,"Paris,painting,Still Life",1886,handwritten,2190,4210,1972-B,Flame Nettle in a Flowerpot,213
214,Paris,1886,other,1980,1090,1973-A,Inside endpaper with note and rubbing,214
215,"sketch,drawing",1890,typewritten,850,1340,1973-B,Three Fish,215
216,"Nuenen,sketch,drawing",1884,other,750,1240,1970-A,Head of a Man,216
217,"Saint-Rémy-de-Provence,drawing,Figures,landscape",1890,other,3190,2380,1970-B,Winter Landscape with Walking Figures,217
218,"Paris,drawing,Figures",1887,typewritten,2580,3480,1971-A,Double-Bass Player,218
219,"Nuenen,drawing,Figures",1884,typewritten,3450,2130,1971-B,Two Hands and Two Arms,219
220,"The Hague,drawing,Figures,Heads",1882,other,2250,2910,1972-A,Head of a Woman,220
221,"Nieuw Amsterdam,painting,landscape,Peasant Life",1883,handwritten,5500,3750,1972-B,Farm with Stacks of Peat,221
222,"Auvers-sur-Oise,painting,Still Life",1890,handwritten,2900,4220,1973-A,Vase of Flowers,222
223,"Saint-Rémy-de-Provence,painting,Figures,Peasant Life",1889,handwritten,3310,4450,1973-B,The Sheaf-Binder (after Millet),223
224,"The Hague,drawing,Figures,Heads",1883,other,2840,4450,1970-A,"Fisherman with Sou&#39;wester, Pipe and Coal Pan",224
225,"Paris,drawing,study,Figures,Still Life,nude",1887,typewritten,2490,3220,1970-B,Torso of Venus,225
226,"Saint-Rémy-de-Provence,drawing,Figures",1890,other,3170,2390,1971-A,Studies of Figures Working and Eating,226
227,"Paris,painting,Cityscape",1887,handwritten,4640,2150,1971-B,Sunset in Montmartre,227
228,"Paris,painting,Cityscape,landscape",1887,handwritten,4050,3210,1972-A,The Bridge at Courbevoie,228
229,"Nuenen,drawing,Figures,Peasant Life",1885,typewritten,5540,3800,1972-B,Sale of Building Scrap,229
230,"Nuenen,drawing,landscape,Nature",1884,other,5420,3950,1973-A,Pollard Birches,230
231,"Nuenen,sketch,drawing",1884,typewritten,750,1240,1973-B,Lower Leg,231
232,"Auvers-sur-Oise,drawing,Townscape,Figures,Heads",1890,typewritten,3120,4840,1970-A,Auvers Town Hall and Head of a Man,232
233,"sketch,drawing",1890,typewritten,850,1340,1970-B,Head of a Man,233
234,"sketch,drawing",1890,typewritten,850,1340,1971-A,Woman,234
235,"Saint-Rémy-de-Provence,drawing,Animals,Nature",1889,typewritten,2100,1350,1971-B,Giant Peacock Moth and Poppy Seed Pop,235
236,"Paris,painting,Still Life",1887,handwritten,5500,4600,1972-A,Basket of Pansies,236
237,"Nuenen,painting,study,Figures,Heads,Peasant Life",1885,handwritten,3480,4220,1972-B,Head of a Woman,237
238,"sketch,drawing",1886,typewritten,1050,1020,1973-A,Knee,238
239,"Nuenen,drawing,Figures,interior,Peasant Life",1885,typewritten,2670,4220,1973-B,Woman Shelling Peas,239
240,"Saint-Rémy-de-Provence,drawing,landscape,Figures,Peasant Life",1890,other,3190,2380,1970-A,Field with Sower,240
241,"Nuenen,painting,study,Figures,Heads,Peasant Life",1885,handwritten,3350,4270,1970-B,Head of a Woman,241
242,"Saint-Rémy-de-Provence,drawing,landscape,Nature",1889,photography,6490,4980,1971-A,Olive Grove,242
243,"Auvers-sur-Oise,print,Portrait",1890,handwritten-diagram,1500,1800,1971-B,Portrait of Dr Gachet,243
244,"Saint-Rémy-de-Provence,drawing,Seascape,Figures,Still Life",1890,other,2880,4780,1972-A,"Figures on the Beach and a Plate, Bowl and Spoon",244
245,"Paris,painting,Cityscape",1887,handwritten,6550,3500,1972-B,Impasse des Deux Fr&#232;res,245
246,"Auvers-sur-Oise,print,Portrait",1890,handwritten-diagram,1500,1800,1973-A,Portrait of Dr Gachet,246
247,"sketch,drawing",1890,typewritten,850,1340,1973-B,Woman Bending,247
248,"Nuenen,sketch,drawing",1884,other,750,1240,1970-A,View of Eindhoven,248
249,"sketch,drawing",1890,typewritten,850,1340,1970-B,Hand,249
250,"Paris,sketch,drawing",1886,other,1980,1090,1971-A,Pelvis of a Skeleton,250
251,"Nuenen,drawing,Figures",1884,typewritten,4240,3470,1971-B,Hands with a Stick,251
252,"Saint-Rémy-de-Provence,painting,landscape,Nature,Peasant Life",1889,handwritten,9270,7320,1972-A,Wheatfield with a Reaper,252
253,"Antwerp,painting,Cityscape",1885,handwritten,3370,4370,1972-B,Houses Seen from the Back,253
254,"Paris,drawing,Cityscape",1887,other,2920,4600,1973-A,Study of the Paris Ramparts,254
255,"Nuenen,drawing,Figures",1885,typewritten,3460,2130,1973-B,"Three Hands, Two Holding Forks",255
256,"1860 - 1870,drawing,Townscape,Peasant Life",1864,other,2650,1950,1970-A,Open Barn and Farmhouse,256
257,"Nuenen,drawing,Figures",1885,typewritten,2100,3460,1970-B,Woman with a Shawl,257
258,"Paris,drawing,Figures",1886,other,1680,1010,1971-A,Man on a Bench,258
259,"Antwerp,drawing,Figures,Heads",1885,typewritten,920,1650,1971-B,Head of an Old Man,259
260,"Nuenen,drawing,Townscape,Peasant Life",1883,other,2860,1840,1972-A,Churchyard in Winter,260
261,"The Hague,drawing,Figures,Heads",1882,other,2630,4760,1972-B,Head of a Woman,261
262,"Paris,painting,study,Still Life,Figures,nude",1886,handwritten,3810,4640,1973-A,Torso of Venus,262
263,"sketch,drawing",1890,typewritten,850,1340,1973-B,Landscape with the River Oise,263
264,"The Hague,drawing,Figures",1883,typewritten,3550,5380,1970-A,Woman with a Child on her Lap,264
265,"Paris,drawing,Animals",1887,other,3520,2690,1970-B,Swift,265
266,"Arles,drawing,Cityscape",1888,other,3200,2570,1971-A,The Yellow House (The Street),266
267,"Auvers-sur-Oise,drawing,study,Figures",1890,other,2730,4430,1971-B,Standing Male Nude and Sitting Figure (after Bargue),267
268,"Paris,drawing,Cityscape",1886,typewritten,3010,2270,1972-A,View of Paris with the Op&#233;ra,268
269,"Auvers-sur-Oise,drawing,Figures",1890,typewritten,3020,2370,1972-B,Sketch of Two Women,269
270,"Nuenen,painting,study,Figures,Heads,Peasant Life",1884,handwritten,2950,3770,1973-A,Head of a Man,270
271,"The Hague,print,Figures",1882,handwritten-diagram,2520,4810,1973-B,Old Man with a Stick,271
272,"Saint-Rémy-de-Provence,drawing,Figures",1890,other,3260,2420,1970-A,Four Men on a Road,272
273,"Paris,drawing,study,Figures,Still Life,nude",1887,typewritten,1300,2080,1970-B,Torso of Venus,273
274,"Paris,painting,Self-Portrait",1887,handwritten,1410,1910,1971-A,Self-Portrait,274
275,"Nuenen,drawing,Figures",1884,typewritten,2130,3420,1971-B,Three Hands,275
276,"Saint-Rémy-de-Provence,drawing,landscape",1890,typewritten,3190,2380,1972-A,The Wall Enclosing the Wheatfield near the Asylum,276
277,"Paris,drawing,Figures,nude",1887,other,2580,3480,1972-B,Dying Slave and Figures at a Table,277
278,"Nuenen,drawing,Figures,Peasant Life",1885,typewritten,2260,2870,1973-A,Woman Peeling Potatoes,278
279,"Arles,drawing,Cityscape,landscape,Nature",1888,other,3460,2580,1973-B,Park with Shrub,279
280,"Saint-Rémy-de-Provence,drawing,Figures",1890,typewritten,3180,2380,1970-A,Studies of a Hand,280
281,"Nuenen,sketch,drawing",1884,other,750,1240,1970-B,Landscape,281
282,"Paris,painting,Self-Portrait",1886,handwritten,3250,4150,1971-A,Self-Portrait with Felt Hat,282
283,"Arles,drawing,Figures",1888,other,6120,4930,1971-B,Seated Zouave,283
284,"Saint-Rémy-de-Provence,drawing,Nature",1889,other,2520,3300,1972-A,Tree and Wall in the Garden of the Asylum,284
285,"Paris,sketch,drawing",1886,other,1980,1090,1972-B,Head of a Man with Horns,285
286,"Nuenen,drawing,Figures,Heads,Peasant Life",1884,typewritten,2070,3380,1973-A,Head of a Woman,286
287,"Paris,painting,Portrait",1887,handwritten,4570,6070,1973-B,Portrait of L&#233;onie Rose Charbuy-Davy,287
288,"Nuenen,drawing,Figures,Peasant Life",1885,photography,4280,5310,1970-A,Peasant Lifting Beet,288
289,"Nuenen,drawing,landscape,Peasant Life",1885,typewritten,4110,2860,1970-B,Wheatfield with Reaper and Peasant Woman Binding Sheaves,289
290,"Nuenen,painting,study,Figures,Heads,Peasant Life",1885,handwritten,3300,4550,1971-A,Woman with a Mourning Shawl,290
291,"Nuenen,drawing,Figures,Peasant Life",1885,typewritten,3470,2110,1971-B,Sale of Building Scrap,291
292,"Nuenen,drawing,landscape,Peasant Life",1885,typewritten,2950,2260,1972-A,Stooks and a Mill,292
293,"Etten,drawing,Animals,Peasant Life",1881,other,6010,4150,1972-B,Donkey and Cart,293
294,"Saint-Rémy-de-Provence,drawing,Animals",1889,typewritten,3180,2380,1973-A,Studies of a Dead Sparrow,294
295,"Paris,drawing,Figures,Cityscape",1886,other,1010,1680,1973-B,Woman Walking Her Dog (&#39;A La Villette&#39;),295
296,"Saint-Rémy-de-Provence,drawing,landscape",1890,other,3230,2490,1970-A,The Walled Wheatfield,296
297,"Nuenen,drawing,Figures,Peasant Life",1885,typewritten,3460,2100,1970-B,Man and Woman Sharing a Meal,297
298,"Saint-Rémy-de-Provence,drawing,Figures",1890,other,2390,3190,1971-A,Sketches of Sitting Figures,298
299,"Auvers-sur-Oise,drawing,Nature,landscape",1890,typewritten,3120,2390,1971-B,Trees Along the River Oise,299
300,"Paris,drawing,Figures,Still Life,nude",1887,typewritten,2490,3220,1972-A,Young Slave,300
301,"Nuenen,drawing,Figures",1884,other,2120,3450,1972-B,Two Hands,301
302,"Paris,drawing,Animals,landscape",1887,other,3520,2690,1973-A,Four Swifts with Landscape Sketches,302
303,"Nuenen,drawing,landscape,Nature,Townscape",1884,other,5420,4020,1973-B,The Kingfisher,303
304,"1871 - 1880,The Hague,drawing,Figures",1873,other,1940,2630,1970-A,Old Woman Asleep (after Rops),304
305,"Auvers-sur-Oise,drawing,landscape,Nature",1890,other,3090,2370,1970-B,Landscape with the River Oise,305
306,"Saint-Rémy-de-Provence,drawing,Figures",1890,other,700,2420,1971-A,Sketch of Women Doing the Washing,306
307,"The Hague,drawing,Figures",1882,typewritten,5660,3790,1971-B,The Poor and Money,307
308,"sketch,drawing",1885,other,1360,1020,1972-A,Figure,308
309,"Nuenen,painting,Still Life",1885,handwritten,4250,3150,1972-B,Beer Tankards,309
310,"Paris,painting,Figures",1887,handwritten,6070,10070,1973-A,Courtesan (after Eisen),310
311,"Nuenen,print,Figures,Peasant Life",1885,handwritten-diagram,3200,2650,1973-B,The Potato Eaters,311
312,"The Hague,drawing,Figures",1883,typewritten,2990,5560,1970-A,"Woman Sewing, with a Girl",312
313,"Nuenen,drawing,Figures,Peasant Life",1885,typewritten,4110,2860,1970-B,Peasant with a Fork,313
314,"Paris,sketch,drawing",1886,typewritten,1980,1090,1971-A,Seated Female Nude and notes,314
315,"Saint-Rémy-de-Provence,drawing,Figures,Peasant Life",1890,typewritten,3190,2380,1971-B,Studies of Diggers,315
316,"Nuenen,drawing,Figures,Peasant Life",1885,typewritten,3460,2090,1972-A,Four People Sharing a Meal,316
317,"Saint-Rémy-de-Provence,drawing,Townscape,Figures,Peasant Life",1890,typewritten,3190,2380,1972-B,Farmhouses and Studies of Diggers,317
318,"sketch,drawing",1890,other,850,1340,1973-A,Sitting Male Figure (after Bargue),318
319,"Paris,painting,study,Still Life",1886,handwritten,2680,3520,1973-B,Kneeling Ecorch&#233;,319
320,"Arles,drawing,Cityscape,landscape",1888,other,5010,3200,1970-A,The Park and Pond in Front of the Yellow House,320
321,"Paris,drawing,study,Figures,Still Life,nude",1887,typewritten,2460,3220,1970-B,Torso of Venus,321
322,"Nuenen,drawing,Figures,Peasant Life",1884,other,4030,2720,1971-A,Weaver,322
323,Paris,1886,typewritten,1980,1090,1971-B,Note,323
324,Paris,1886,other,1980,1090,1972-A,Note,324
325,"Nuenen,drawing,Figures,Heads,Peasant Life",1884,other,2120,3450,1972-B,Head of a Woman,325
326,"Saint-Rémy-de-Provence,drawing,Nature",1889,other,4710,6180,1973-A,Tree with Ivy in the Garden of the Asylum,326
327,"Paris,drawing,Nature",1887,other,2620,3830,1973-B,Tracing of &#39;The Plum Tree Teahouse at Kameido&#39; of Hiroshige,327
328,"Saint-Rémy-de-Provence,drawing,landscape,Figures,Peasant Life",1890,typewritten,3230,2380,1970-A,Landscape with Cypresses and Studies of Figures,328
329,"Paris,drawing,landscape,Cityscape",1887,other,3950,5380,1970-B,Sailing Boat on the Seine at Asni&#232;res,329
330,"Saint-Rémy-de-Provence,drawing,interior",1889,typewritten,4760,6200,1971-A,Window in the Studio,330
331,"Nuenen,drawing,Figures,Heads,Peasant Life",1884,other,1040,1580,1971-B,Head of a Woman,331
332,"sketch,drawing",1890,other,850,1340,1972-A,Standing Male Figure (after Bargue),332
333,"Arles,painting,landscape,Nature",1888,handwritten,6500,5400,1972-B,Wheatfield,333
334,"Nuenen,painting,Still Life",1885,handwritten,4400,3350,1973-A,Basket of Apples,334
335,"Paris,drawing,Self-Portrait",1887,other,2440,3110,1973-B,Self-Portraits,335
336,"sketch,drawing",1890,other,850,1340,1970-A,Hen,336
337,Nuenen,1884,other,750,1240,1970-B,Note,337
338,"Arles,painting,Nature,Blossom",1888,handwritten,3750,5000,1971-A,Peach Tree in Blossom,338
339,"sketch,drawing",1890,other,850,1340,1971-B,Ravine,339
340,"Antwerp,painting,Figures",1886,handwritten,2480,3230,1972-A,Head of a Skeleton with a Burning Cigarette,340
341,"Paris,drawing,Cityscape",1887,other,3160,2410,1972-B,Gate in the Paris Ramparts,341
342,"Saint-Rémy-de-Provence,drawing,Figures,Peasant Life",1890,other,3170,2390,1973-A,Studies of Figures,342
343,"The Hague,drawing,Figures",1882,other,2890,4800,1973-B,Old Man Reading,343
344,"Nuenen,drawing,Figures,Heads,Peasant Life",1884,other,800,1420,1970-A,Head of a Man,344
345,"Nuenen,sketch,drawing",1884,other,750,1240,1970-B,Head of a Woman,345
346,"Paris,painting,Cityscape,landscape",1887,handwritten,4600,3200,1971-A,Bank of the Seine,346
347,"Paris,drawing,Cityscape",1886,other,1580,970,1971-B,Jardin du Luxembourg,347
348,"sketch,drawing",1890,other,850,1340,1972-A,Standing Male Figure (after Bargue),348
349,"Saint-Rémy-de-Provence,drawing,Figures",1890,other,3160,2380,1972-B,Studies of a Hand and a Digger,349
350,"Saint-Rémy-de-Provence,painting,landscape,Nature",1889,handwritten,0,7380,1973-A,The Garden of Saint Paul&#39;s Hospital (&#39;Leaf-Fall&#39;),350
351,"Nuenen,drawing,Figures,Peasant Life",1884,other,2060,2630,1973-B,Weaver,351
352,"Paris,painting,Nature,landscape",1887,handwritten,3770,4530,1970-A,Path in the Woods,352
353,"Auvers-sur-Oise,painting,Townscape,Peasant Life",1890,handwritten,4640,3890,1970-B,Farmhouse,353
354,"sketch,drawing",1890,other,850,1340,1971-A,Fishing Boat,354
355,"sketch,drawing",1890,other,850,1340,1971-B,Head of a Dog,355
356,"Nuenen,drawing,Figures",1884,other,2090,3500,1972-A,Two Hands,356
357,"Drenthe,drawing,landscape,Nature,Peasant Life",1883,watercolour on paper,5410,4170,1972-B,Landscape with a Stack of Peat and Farmhouses,357
358,"Paris,drawing,Cityscape",1887,other,5390,3950,1973-A,View from the Apartment in the Rue Lepic,358
359,"sketch,drawing",1890,typewritten,850,1340,1973-B,Woman,359
360,"Nuenen,sketch,drawing",1884,other,750,1240,1970-A,Construction drawing of a perspective frame and a stand,360
361,"sketch,drawing",1890,other,850,1340,1970-B,Landscape with a Tree,361
362,"sketch,drawing",1890,other,850,1340,1971-A,Poultry,362
363,"Paris,painting,Self-Portrait",1887,handwritten,3150,4180,1971-B,Self-Portrait with Straw Hat,363
364,"Paris,sketch,drawing",1886,other,1980,1080,1972-A,Head of a Man with Sun Visor,364
365,"The Hague,drawing,sketch,Figures",1883,,670,1000,1972-B,Little Child,365
366,"1871 - 1880,Etten,drawing,Townscape",1876,other,1780,950,1973-A,Vicarage and Church at Etten,366
367,"Nuenen,drawing,Figures,interior,Peasant Life",1884,watercolour on paper,3540,4480,1973-B,Man Winding Yarn,367
368,"sketch,drawing",1885,other,1360,1020,1970-A,Head of a Woman and notes,368
369,,1885,other,1360,1020,1970-B,Inside endpaper with notes and rubbing,369
370,"Arles,painting,Nature,landscape,Cityscape,Blossom",1889,handwritten,6550,5350,1971-A,"Orchards in Blossom, View of Arles",370
371,"Nuenen,sketch,drawing",1884,other,750,1240,1971-B,Two Heads of Men,371
372,"Paris,drawing,Figures,nude",1886,other,1310,2160,1972-A,Standing Male Nude Seen from the Front,372
373,"sketch,drawing",1885,other,940,1020,1972-B,Head of a Woman,373
374,"sketch,drawing",1886,typewritten,1360,1020,1973-A,Foot,374
375,"The Hague,drawing,Figures",1882,typewritten,2570,3380,1973-B,Baby,375
376,"Nuenen,drawing,Figures,Peasant Life",1885,typewritten,2800,4450,1970-A,Digger,376
377,"Saint-Rémy-de-Provence,drawing,Figures,Peasant Life",1890,typewritten,2810,2370,1970-B,Two Peasant Women Digging,377
378,"Nuenen,drawing,Figures,interior,Peasant Life",1885,photography,3530,4320,1971-A,Woman by a Hearth,378
379,"Nuenen,drawing,Figures",1885,typewritten,2100,3460,1971-B,Woman with a Shawl,379
380,"sketch,drawing",1890,typewritten,850,1340,1972-A,Digger,380
381,"Paris,drawing,study,Figures,Still Life,nude",1886,typewritten,4550,6110,1972-B,Torso of Venus,381
382,"Saint-Rémy-de-Provence,painting,Figures,interior,Peasant Life",1889,handwritten,9300,7420,1973-A,Evening (after Millet),382
383,"1871 - 1880,Ramsgate,drawing,Cityscape",1876,other,1090,690,1973-B,"View of Royal Road, Ramsgate",383
384,"The Hague,drawing,Figures",1882,other,3020,5040,1970-A,Old Man with a Stick,384
385,"Paris,drawing,Figures",1886,other,2330,1120,1970-B,Restaurant Menu,385
386,"Nuenen,painting,Still Life",1885,handwritten,6040,4500,1971-A,Basket of Apples,386
387,"sketch,drawing",1890,other,850,1340,1971-B,The Town Hall,387
388,"sketch,drawing",1890,typewritten,850,1340,1972-A,Woman,388
389,"Nuenen,sketch,drawing",1884,other,750,1240,1972-B,Head of a Man,389
390,"Auvers-sur-Oise,painting,landscape,Animals,Nature",1890,handwritten,10300,5050,1973-A,Wheatfield with Crows,390
391,"sketch,drawing",1886,typewritten,1360,1020,1973-B,Part of a Torso and Arm,391
392,"Saint-Rémy-de-Provence,drawing,Nature",1889,typewritten,2470,3300,1970-A,Pine Trees and Wall in the Garden of the Asylum,392
393,"Arles,drawing,landscape",1888,other,2570,3480,1970-B,Landscape with Hut,393
394,"sketch,drawing",1890,typewritten,850,1340,1971-A,Head of a Child,394
395,"Paris,drawing,Figures,Still Life,nude",1887,typewritten,3220,2460,1971-B,Male Torso and Study for &#39;Portrait of a Woman with Flowers&#39;,395
396,"Nuenen,drawing,Figures,Heads,Peasant Life",1884,other,2070,3330,1972-A,Head of a Young Man with a Pipe,396
397,"Nuenen,sketch,drawing",1884,other,750,1240,1972-B,Construction drawing of a perspective frame,397
398,"Nuenen,drawing,landscape",1884,other,3930,5420,1973-A,Avenue of Poplars,398
399,"Paris,drawing,Cityscape",1887,other,5440,4010,1973-B,The Boulevard de Clichy,399
